iteration,train_loss,val_loss,timestamp,lr,mfu
0,10.974174,10.976262,1770361306.7038703,0.00000030,-1.0000
0,10.979574,10.951904,1770361310.610346,0.00000030,-1.0000
10,10.447906,10.461568,1770361348.3088584,0.00000330,0.0369
20,9.983307,9.999562,1770361385.7641826,0.00000630,0.0369
30,9.658092,9.569676,1770361423.222034,0.00000930,0.0369
40,9.603282,9.318662,1770361460.6529715,0.00001229,0.0369
50,9.392610,9.878941,1770361498.0819452,0.00001529,0.0369
60,9.194924,9.339522,1770361535.5139306,0.00001829,0.0368
70,9.231127,8.965528,1770361573.0124063,0.00002129,0.0369
80,8.841171,9.021385,1770361610.4974587,0.00002429,0.0368
90,8.581499,8.483489,1770361647.930321,0.00002729,0.0368
100,8.458453,8.573749,1770361685.3617635,0.00003028,0.0368
110,8.304608,8.068942,1770361722.8016696,0.00003328,0.0368
120,7.879745,7.901031,1770361760.2598486,0.00003628,0.0368
130,8.126504,7.865808,1770361797.7196095,0.00003928,0.0368
140,7.763480,7.503151,1770361835.1366515,0.00004228,0.0368
150,7.510376,7.262510,1770361872.577769,0.00004528,0.0368
160,7.041307,7.994975,1770361910.0792637,0.00004828,0.0368
170,7.310308,7.144198,1770361947.5263512,0.00005127,0.0368
180,7.072460,6.885864,1770361984.9520166,0.00005427,0.0368
190,7.890422,6.902849,1770362022.400183,0.00005727,0.0368
200,6.501181,6.817386,1770362059.8197463,0.00006027,0.0368
210,7.006003,6.768415,1770362097.2587717,0.00006327,0.0368
220,6.682207,7.295759,1770362134.6757448,0.00006627,0.0368
230,6.655884,6.893461,1770362172.123179,0.00006927,0.0368
240,6.734799,7.152367,1770362209.547556,0.00007226,0.0368
250,6.771044,6.755744,1770362246.989038,0.00007526,0.0368
260,6.640918,6.322725,1770362284.4073198,0.00007826,0.0368
270,6.677818,6.288881,1770362321.8512914,0.00008126,0.0368
280,6.623077,6.541664,1770362359.2668035,0.00008426,0.0368
290,6.619280,6.734358,1770362396.713998,0.00008726,0.0368
300,6.367119,6.375149,1770362434.1358113,0.00009025,0.0368
310,6.217823,6.485863,1770362471.582897,0.00009325,0.0368
320,6.387095,6.559447,1770362509.004318,0.00009625,0.0368
330,6.194506,6.290593,1770362546.4500246,0.00009925,0.0368
340,6.507418,6.089209,1770362583.8720748,0.00010225,0.0368
350,6.303557,6.607525,1770362621.3185828,0.00010525,0.0368
360,6.307647,5.901781,1770362658.7528088,0.00010825,0.0368
370,6.065880,6.651747,1770362696.2007122,0.00011124,0.0368
380,5.965704,6.019129,1770362733.6268718,0.00011424,0.0368
390,6.616496,6.214760,1770362771.0583074,0.00011724,0.0368
400,6.133419,6.424085,1770362808.4865117,0.00012024,0.0368
410,6.338902,5.894543,1770362845.9280155,0.00012324,0.0368
420,6.185850,5.854300,1770362883.3507793,0.00012624,0.0368
430,6.324090,5.912282,1770362920.761192,0.00012924,0.0368
440,6.092263,6.445306,1770362958.1772761,0.00013223,0.0368
450,6.262028,5.853178,1770362995.6189976,0.00013523,0.0368
460,6.085851,6.235652,1770363033.0375168,0.00013823,0.0368
470,5.964943,5.841321,1770363070.4674246,0.00014123,0.0368
480,6.146797,5.788914,1770363107.8863835,0.00014423,0.0368
490,6.015106,6.348427,1770363145.3306417,0.00014723,0.0368
500,5.921906,5.930778,1770363195.7465186,0.00015022,0.0368
500,6.114191,5.610713,1770363204.2999382,0.00015022,0.0336
510,5.986176,6.068773,1770363241.7245157,0.00015322,0.0340
520,5.970063,5.863619,1770363279.143258,0.00015622,0.0342
530,5.870736,6.035812,1770363316.5859516,0.00015922,0.0345
540,6.069816,5.522607,1770363354.0079944,0.00016222,0.0347
550,6.004665,5.747775,1770363391.4377513,0.00016522,0.0349
560,5.863397,5.927612,1770363428.8602011,0.00016822,0.0351
570,6.018631,6.193957,1770363466.2949677,0.00017121,0.0353
580,5.672508,5.627845,1770363503.7298079,0.00017421,0.0354
590,5.684999,5.698267,1770363541.155305,0.00017721,0.0356
600,6.028256,5.774174,1770363578.5409095,0.00018021,0.0357
610,5.930354,5.728595,1770363615.930949,0.00018321,0.0358
620,6.084722,5.822632,1770363653.3491397,0.00018621,0.0359
630,5.591013,5.738473,1770363690.7774158,0.00018921,0.0360
640,5.852064,5.842905,1770363728.1757016,0.00019220,0.0361
650,5.436524,5.967803,1770363765.6199076,0.00019520,0.0362
660,5.803297,5.980885,1770363803.0302222,0.00019820,0.0362
670,5.888203,5.683804,1770363840.4659853,0.00020120,0.0363
680,5.799099,5.697886,1770363877.8885686,0.00020420,0.0363
690,5.649166,5.619314,1770363915.3022625,0.00020720,0.0364
700,5.877499,5.791429,1770363952.7228916,0.00021019,0.0364
710,5.674822,6.148095,1770363990.1557603,0.00021319,0.0365
720,5.935368,5.522499,1770364027.5757053,0.00021619,0.0365
730,5.319260,5.581754,1770364065.002169,0.00021919,0.0365
740,5.500811,5.916697,1770364102.4580622,0.00022219,0.0366
750,5.734214,5.634087,1770364139.8850913,0.00022519,0.0366
760,5.664124,5.456041,1770364177.3128452,0.00022819,0.0366
770,5.658342,5.325882,1770364214.7527122,0.00023118,0.0366
780,5.450895,5.504591,1770364252.1757133,0.00023418,0.0366
790,5.573292,5.614101,1770364289.6208925,0.00023718,0.0366
800,5.526361,5.645529,1770364327.0440564,0.00024018,0.0367
810,5.713689,5.667381,1770364364.4996498,0.00024318,0.0367
820,5.541717,5.768514,1770364401.9270558,0.00024618,0.0367
830,5.282285,5.271240,1770364439.3710842,0.00024918,0.0367
840,5.640976,5.516287,1770364476.7992592,0.00025217,0.0367
850,5.650967,5.386255,1770364514.2413335,0.00025517,0.0367
860,5.419603,5.626786,1770364551.6429546,0.00025817,0.0367
870,5.764945,5.900539,1770364589.113775,0.00026117,0.0367
880,5.395855,5.682653,1770364626.5464594,0.00026417,0.0367
890,5.226554,5.210522,1770364663.9750216,0.00026717,0.0367
900,5.638953,5.759983,1770364701.3854167,0.00027016,0.0367
910,5.652143,5.575607,1770364738.816582,0.00027316,0.0367
920,5.600376,5.543078,1770364776.2050788,0.00027616,0.0367
930,5.499381,5.491728,1770364813.639098,0.00027916,0.0367
940,5.462464,5.667164,1770364851.0528948,0.00028216,0.0368
950,6.019653,5.384224,1770364888.4678698,0.00028516,0.0368
960,5.506384,5.358599,1770364925.8921735,0.00028816,0.0368
970,5.356008,5.497742,1770364963.3342927,0.00029115,0.0368
980,5.414696,5.659644,1770365000.744907,0.00029415,0.0368
990,5.555807,6.013868,1770365038.1649046,0.00029715,0.0368
1000,5.529174,5.526108,1770365087.9485729,0.00030015,0.0368
1000,5.494300,5.637273,1770365095.8858914,0.00030015,0.0337
1010,5.656823,5.456596,1770365133.320773,0.00030315,0.0340
1020,5.331327,5.535713,1770365170.735437,0.00030615,0.0343
1030,5.214730,5.380138,1770365208.1698592,0.00030915,0.0345
1040,5.532503,5.555845,1770365245.580458,0.00031214,0.0347
1050,5.578896,5.631878,1770365283.0049171,0.00031514,0.0349
1060,5.529993,5.528590,1770365320.4223847,0.00031814,0.0351
1070,5.517208,5.191046,1770365357.859475,0.00032114,0.0353
1080,5.446848,5.443285,1770365395.2550724,0.00032414,0.0354
1090,5.458043,5.303403,1770365432.6971736,0.00032714,0.0356
1100,5.694342,5.789836,1770365470.1188643,0.00033013,0.0357
1110,5.447758,5.233652,1770365507.558301,0.00033313,0.0358
1120,5.488154,5.332075,1770365544.981532,0.00033613,0.0359
1130,5.384014,5.632414,1770365582.4245386,0.00033913,0.0360
1140,5.564306,5.316195,1770365619.8639076,0.00034213,0.0361
1150,5.484142,5.413827,1770365657.2898269,0.00034513,0.0361
1160,5.558478,5.347797,1770365694.7106764,0.00034813,0.0362
1170,5.408964,5.122319,1770365732.1468277,0.00035112,0.0363
1180,5.696694,5.462414,1770365769.571158,0.00035412,0.0363
1190,5.568218,5.502784,1770365807.011645,0.00035712,0.0364
1200,5.724432,5.376023,1770365844.4436002,0.00036012,0.0364
1210,5.605258,5.435053,1770365881.8792045,0.00036312,0.0364
1220,5.459115,5.501591,1770365919.3089726,0.00036612,0.0365
1230,5.833918,5.268453,1770365956.751334,0.00036912,0.0365
1240,5.465450,5.623631,1770365994.1779828,0.00037211,0.0365
1250,5.460857,5.401260,1770366031.6182168,0.00037511,0.0366
1260,5.242558,5.355635,1770366069.012115,0.00037811,0.0366
1270,5.440914,5.485975,1770366106.4830482,0.00038111,0.0366
1280,5.174257,5.843348,1770366143.902371,0.00038411,0.0366
1290,5.619795,5.427038,1770366181.3804884,0.00038711,0.0366
1300,5.112799,5.146954,1770366218.798387,0.00039010,0.0367
1310,5.331904,5.268011,1770366256.245993,0.00039310,0.0367
1320,5.410990,5.285200,1770366293.670841,0.00039610,0.0367
1330,5.353408,5.328876,1770366331.1092665,0.00039910,0.0367
1340,5.258502,5.651943,1770366368.534224,0.00040210,0.0367
1350,5.409486,5.585414,1770366405.9701014,0.00040510,0.0367
1360,5.735348,5.613226,1770366443.3955321,0.00040810,0.0367
1370,5.504119,5.198947,1770366480.8423193,0.00041109,0.0367
1380,5.343909,5.519209,1770366518.267489,0.00041409,0.0367
1390,5.239970,5.110132,1770366555.7020867,0.00041709,0.0367
1400,5.486784,5.246404,1770366593.1206179,0.00042009,0.0367
1410,5.473267,5.511742,1770366630.5635436,0.00042309,0.0367
1420,5.298058,5.356585,1770366667.9738972,0.00042609,0.0367
1430,5.269089,5.383347,1770366705.4284506,0.00042909,0.0367
1440,5.210757,4.965355,1770366742.855297,0.00043208,0.0367
1450,5.236570,5.618774,1770366780.3467405,0.00043508,0.0367
1460,5.191793,5.349739,1770366818.013648,0.00043808,0.0367
1470,5.431625,5.213663,1770366855.4552724,0.00044108,0.0367
1480,5.343718,5.228207,1770366892.8720627,0.00044408,0.0367
1490,5.274359,5.387026,1770366930.3206482,0.00044708,0.0368
1500,5.365795,5.394201,1770366980.369246,0.00045007,0.0368
1500,5.219235,5.169605,1770366988.7581499,0.00045007,0.0336
1510,5.196494,5.172014,1770367026.2000833,0.00045307,0.0339
1520,5.412065,5.506138,1770367063.616573,0.00045607,0.0342
1530,5.402550,5.221480,1770367101.055073,0.00045907,0.0345
1540,5.621555,5.390794,1770367138.4751282,0.00046207,0.0347
1550,5.317549,5.272027,1770367175.9204166,0.00046507,0.0349
1560,5.635561,5.067929,1770367213.3403606,0.00046807,0.0351
1570,5.548506,5.374987,1770367250.787926,0.00047106,0.0353
1580,5.119483,6.164640,1770367288.1957736,0.00047406,0.0354
1590,5.398234,5.352758,1770367325.6259902,0.00047706,0.0356
1600,5.345839,5.617636,1770367363.0396295,0.00048006,0.0357
1610,5.263904,5.574925,1770367400.4722078,0.00048306,0.0358
1620,5.229293,5.295771,1770367437.8839355,0.00048606,0.0359
1630,5.690028,5.039139,1770367475.3265142,0.00048906,0.0360
1640,5.263968,5.738447,1770367512.744173,0.00049205,0.0361
1650,5.368803,5.419171,1770367550.170927,0.00049505,0.0361
1660,5.425625,5.165284,1770367587.5927494,0.00049805,0.0362
1670,5.450768,5.092367,1770367625.0247812,0.00050105,0.0363
1680,5.249237,5.204503,1770367662.4364629,0.00050405,0.0363
1690,5.803984,5.185114,1770367699.8826993,0.00050705,0.0364
1700,5.112622,5.101807,1770367737.2915869,0.00051004,0.0364
1710,5.237804,5.061439,1770367774.7461388,0.00051304,0.0364
1720,5.212874,4.927384,1770367812.1624508,0.00051604,0.0365
1730,5.210966,5.631588,1770367849.5982082,0.00051904,0.0365
1740,5.210961,5.346675,1770367887.0223866,0.00052204,0.0365
1750,5.429935,5.533205,1770367924.463885,0.00052504,0.0366
1760,5.141930,5.511410,1770367961.8774712,0.00052804,0.0366
1770,5.321742,5.367123,1770367999.3126998,0.00053103,0.0366
1780,5.318010,5.447702,1770368036.7181075,0.00053403,0.0366
1790,5.354754,5.345415,1770368074.1465406,0.00053703,0.0367
1800,5.458722,5.211125,1770368111.5715327,0.00054003,0.0367
1810,4.836750,5.290595,1770368149.0072258,0.00054303,0.0367
1820,5.606287,5.303730,1770368186.4208913,0.00054603,0.0367
1830,5.248437,5.416053,1770368223.8609543,0.00054903,0.0367
1840,5.214409,5.064336,1770368261.2699687,0.00055202,0.0367
1850,4.950995,5.264223,1770368298.704355,0.00055502,0.0367
1860,5.039155,5.285504,1770368336.114864,0.00055802,0.0367
1870,5.453326,5.435660,1770368373.552189,0.00056102,0.0367
1880,5.527715,5.469819,1770368410.9618518,0.00056402,0.0367
1890,5.188112,5.741321,1770368448.395327,0.00056702,0.0368
1900,5.370656,5.352996,1770368485.813651,0.00057001,0.0368
1910,5.430626,5.231562,1770368523.2390423,0.00057301,0.0368
1920,5.597735,5.108410,1770368560.6790507,0.00057601,0.0368
1930,5.308155,5.129952,1770368598.1187947,0.00057901,0.0368
1940,5.238627,5.905643,1770368635.5513399,0.00058201,0.0368
1950,5.194466,5.290653,1770368672.9731967,0.00058501,0.0368
1960,5.315809,4.961666,1770368710.3946414,0.00058801,0.0368
1970,5.099739,5.515686,1770368747.827938,0.00059100,0.0368
1980,5.419490,5.273847,1770368785.2370915,0.00059400,0.0368
1990,5.603381,5.058215,1770368822.67845,0.00059700,0.0368
2000,5.307237,5.321532,1770368872.9368463,0.00060000,0.0368
2000,5.190775,5.511428,1770368880.638019,0.00060000,0.0337
2010,5.477297,5.252639,1770368918.0831919,0.00060000,0.0340
2020,5.141732,5.596207,1770368955.5054598,0.00060000,0.0343
2030,5.246134,5.651728,1770368992.9359844,0.00060000,0.0345
2040,5.097046,5.030849,1770369030.3500834,0.00059999,0.0347
2050,5.619261,5.492750,1770369067.782725,0.00059999,0.0349
2060,5.536593,5.151583,1770369105.2145422,0.00059998,0.0351
2070,5.550326,5.610097,1770369142.6532154,0.00059998,0.0353
2080,5.490209,5.014676,1770369180.0512233,0.00059997,0.0354
2090,5.087662,5.726197,1770369217.4774344,0.00059996,0.0356
2100,5.505308,5.327352,1770369254.8830268,0.00059996,0.0357
2110,5.221691,5.426346,1770369292.3098364,0.00059995,0.0358
2120,5.047230,5.278391,1770369329.7231421,0.00059994,0.0359
2130,5.671611,5.146968,1770369367.149122,0.00059992,0.0360
2140,5.303676,5.314568,1770369404.5833714,0.00059991,0.0360
2150,5.509683,5.296481,1770369442.0335944,0.00059990,0.0361
2160,5.404737,5.091883,1770369479.469881,0.00059989,0.0362
2170,5.720239,5.013587,1770369516.921486,0.00059987,0.0362
2180,5.242249,5.517401,1770369554.3538227,0.00059986,0.0363
2190,5.148298,5.258736,1770369591.7795227,0.00059984,0.0363
2200,5.517754,5.183393,1770369629.2136362,0.00059982,0.0364
2210,5.209334,5.222336,1770369666.6427138,0.00059980,0.0364
2220,5.303130,5.199922,1770369704.0295696,0.00059978,0.0364
2230,5.287791,5.072663,1770369741.4839447,0.00059976,0.0365
2240,5.022478,5.171042,1770369778.9045038,0.00059974,0.0365
2250,5.379560,5.214891,1770369816.3318725,0.00059972,0.0365
2260,5.426672,5.127718,1770369853.750461,0.00059970,0.0366
2270,5.309901,5.492653,1770369891.186892,0.00059968,0.0366
2280,4.878917,5.406511,1770369928.6136255,0.00059965,0.0366
2290,5.294244,4.971612,1770369966.0634294,0.00059963,0.0366
2300,5.495824,5.314478,1770370003.4964063,0.00059960,0.0366
2310,5.217221,5.169989,1770370040.9554174,0.00059957,0.0366
2320,5.610272,5.036661,1770370078.394302,0.00059954,0.0367
2330,5.246012,5.412400,1770370115.829326,0.00059951,0.0367
2340,5.404775,5.209046,1770370153.2413075,0.00059949,0.0367
2350,5.075154,5.638486,1770370190.6784015,0.00059945,0.0367
2360,5.125155,5.199724,1770370228.099755,0.00059942,0.0367
2370,5.684828,5.081069,1770370265.5333588,0.00059939,0.0367
2380,4.918750,5.451432,1770370302.95088,0.00059936,0.0367
2390,5.281903,4.925225,1770370340.3969526,0.00059932,0.0367
2400,5.234541,5.122869,1770370377.8245854,0.00059929,0.0367
2410,5.401610,5.151480,1770370415.2680526,0.00059925,0.0367
2420,5.293226,5.268454,1770370452.6954496,0.00059921,0.0367
2430,5.293270,5.318127,1770370490.1252017,0.00059918,0.0367
2440,5.336134,5.183111,1770370527.5470583,0.00059914,0.0367
2450,5.654106,5.359439,1770370565.0004516,0.00059910,0.0368
2460,5.535647,5.467927,1770370602.4257524,0.00059906,0.0368
2470,5.334194,4.974102,1770370639.8592038,0.00059902,0.0368
2480,5.186715,5.415512,1770370677.2919946,0.00059897,0.0368
2490,4.920253,5.273023,1770370714.7255347,0.00059893,0.0368
2500,5.265357,5.277475,1770370764.9909568,0.00059889,0.0368
2500,4.893501,5.045792,1770370773.4306276,0.00059889,0.0336
2510,5.353308,5.345232,1770370810.8652565,0.00059884,0.0340
2520,5.515499,5.020120,1770370848.288981,0.00059880,0.0342
2530,5.038143,5.199377,1770370885.7290602,0.00059875,0.0345
2540,5.060420,5.373819,1770370923.1547055,0.00059870,0.0347
2550,4.794671,4.983862,1770370960.587524,0.00059865,0.0349
2560,5.206525,4.948235,1770370998.0104496,0.00059860,0.0351
2570,5.290070,5.187516,1770371035.4347165,0.00059855,0.0353
2580,5.032099,5.198420,1770371072.8629086,0.00059850,0.0354
2590,5.138692,5.410948,1770371110.2925384,0.00059845,0.0356
2600,5.063161,5.670747,1770371147.7176175,0.00059840,0.0357
2610,5.285608,5.087653,1770371185.1651,0.00059834,0.0358
2620,5.115860,5.421173,1770371222.5889888,0.00059829,0.0359
2630,5.111281,5.268595,1770371260.0408566,0.00059823,0.0360
2640,5.360782,5.080957,1770371297.4487777,0.00059818,0.0361
2650,5.277880,5.446389,1770371334.9178345,0.00059812,0.0361
2660,5.446722,5.517866,1770371372.334715,0.00059806,0.0362
2670,5.071899,4.985701,1770371409.7816079,0.00059800,0.0363
2680,5.466032,5.071167,1770371447.204264,0.00059794,0.0363
2690,5.169431,5.655504,1770371484.64676,0.00059788,0.0364
2700,5.305527,5.254094,1770371522.0577407,0.00059782,0.0364
2710,5.374105,4.992973,1770371559.5335116,0.00059776,0.0364
2720,5.628575,5.252917,1770371596.9590137,0.00059769,0.0365
2730,5.361075,5.371267,1770371634.3930433,0.00059763,0.0365
2740,5.494013,5.353198,1770371671.8069785,0.00059756,0.0365
2750,5.305569,5.449221,1770371709.2296865,0.00059750,0.0366
2760,5.265586,5.347247,1770371746.6436965,0.00059743,0.0366
2770,5.388377,5.146539,1770371784.0799341,0.00059736,0.0366
2780,5.167366,5.466076,1770371821.5092876,0.00059729,0.0366
2790,4.820169,5.059453,1770371858.9497077,0.00059722,0.0366
2800,5.201218,4.911301,1770371896.3709452,0.00059715,0.0367
2810,5.112813,5.525215,1770371933.8145828,0.00059708,0.0367
2820,5.135718,4.850205,1770371971.2427108,0.00059701,0.0367
2830,5.048133,5.120864,1770372017.7881014,0.00059694,0.0341
2840,5.035639,5.265067,1770372058.8444514,0.00059686,0.0344
2850,5.265431,5.401721,1770372096.3055503,0.00059679,0.0346
2860,5.016544,4.770356,1770372133.7555368,0.00059671,0.0348
2870,5.077641,5.297553,1770372171.216775,0.00059663,0.0350
2880,5.459662,5.199005,1770372208.6566448,0.00059656,0.0352
2890,5.239643,5.183711,1770372246.1135583,0.00059648,0.0353
2900,4.956997,5.459616,1770372283.5467184,0.00059640,0.0355
2910,4.961303,5.495251,1770372320.9986656,0.00059632,0.0356
2920,5.529386,5.576008,1770372358.4425845,0.00059624,0.0357
2930,5.164202,5.215070,1770372395.8921466,0.00059616,0.0358
2940,5.264950,5.377939,1770372433.337674,0.00059607,0.0359
2950,5.366959,5.490086,1770372470.7973883,0.00059599,0.0360
2960,4.743128,5.074443,1770372508.2413614,0.00059590,0.0361
2970,5.005544,5.303526,1770372545.706384,0.00059582,0.0362
2980,5.167128,5.241440,1770372583.1877441,0.00059573,0.0362
2990,5.009235,5.411598,1770372620.6456485,0.00059564,0.0363
3000,5.235016,5.186999,1770372670.9576535,0.00059556,0.0363
3000,5.279212,5.349042,1770372679.0704901,0.00059556,0.0332
3010,5.153285,4.891959,1770372716.526853,0.00059547,0.0336
3020,5.028202,5.015044,1770372754.0442543,0.00059538,0.0339
3030,5.371678,5.183773,1770372791.5898368,0.00059529,0.0342
3040,4.911768,4.941582,1770372829.1155033,0.00059519,0.0344
3050,5.486220,5.068778,1770372866.661885,0.00059510,0.0346
3060,5.288689,5.519793,1770372904.1931758,0.00059501,0.0348
3070,4.974857,5.079890,1770372941.7379856,0.00059491,0.0350
3080,5.469004,5.268872,1770372979.2989132,0.00059482,0.0352
3090,4.811887,5.672187,1770373016.8266804,0.00059472,0.0353
3100,5.362254,5.139770,1770373054.3520257,0.00059463,0.0355
3110,5.038339,5.289014,1770373091.8992348,0.00059453,0.0356
3120,5.387800,5.256341,1770373129.4221458,0.00059443,0.0357
3130,4.931960,5.219463,1770373166.9720228,0.00059433,0.0358
3140,5.311869,5.289392,1770373204.4946375,0.00059423,0.0359
3150,5.103049,5.231102,1770373242.0480096,0.00059413,0.0360
3160,5.087082,5.214937,1770373279.547199,0.00059403,0.0360
3170,5.066798,5.020344,1770373317.0091488,0.00059392,0.0361
3180,5.226150,5.087986,1770373354.4982228,0.00059382,0.0362
3190,5.261423,5.271484,1770373392.0478034,0.00059371,0.0362
3200,5.265405,5.459441,1770373429.5748665,0.00059361,0.0363
3210,5.360665,5.156408,1770373467.1228876,0.00059350,0.0363
3220,5.379466,5.066879,1770373504.6532795,0.00059339,0.0363
3230,5.198256,5.091249,1770373542.198303,0.00059329,0.0364
3240,5.112332,5.279845,1770373579.721891,0.00059318,0.0364
3250,5.338981,5.219818,1770373617.261895,0.00059307,0.0364
3260,5.113719,5.274142,1770373654.7881067,0.00059296,0.0365
3270,5.383670,5.286264,1770373692.3309171,0.00059284,0.0365
3280,5.393858,4.852041,1770373729.8578346,0.00059273,0.0365
3290,5.233662,5.502472,1770373767.39809,0.00059262,0.0365
3300,5.458021,5.810312,1770373804.9208188,0.00059250,0.0365
3310,5.275263,5.937982,1770373842.4696474,0.00059239,0.0365
3320,5.301158,5.161499,1770373880.0014575,0.00059227,0.0365
3330,5.173383,5.114386,1770373917.540682,0.00059215,0.0366
3340,5.007539,5.360481,1770373955.0652122,0.00059204,0.0366
3350,4.804518,5.564240,1770373992.6148458,0.00059192,0.0366
3360,5.146357,4.988291,1770374030.1401916,0.00059180,0.0366
3370,5.242518,5.533037,1770374067.7694316,0.00059168,0.0366
3380,5.488500,5.321170,1770374105.2149801,0.00059156,0.0366
3390,5.229972,5.071319,1770374142.7001662,0.00059143,0.0366
3400,5.204858,5.131721,1770374180.1385715,0.00059131,0.0366
3410,4.972630,5.290579,1770374217.6012511,0.00059119,0.0367
3420,4.943248,4.979963,1770374255.0530634,0.00059106,0.0367
3430,5.038801,5.207066,1770374292.509864,0.00059094,0.0367
3440,5.207883,5.086276,1770374329.9489434,0.00059081,0.0367
3450,4.636370,5.422707,1770374367.4066293,0.00059068,0.0367
3460,5.231973,4.798438,1770374404.8459537,0.00059055,0.0367
3470,5.576007,5.236902,1770374442.305203,0.00059043,0.0367
3480,5.240809,5.265602,1770374479.7520938,0.00059030,0.0367
3490,5.302226,5.134759,1770374517.2133212,0.00059017,0.0367
3500,5.188152,5.210355,1770374567.4434233,0.00059003,0.0367
3500,5.379397,5.537928,1770374575.7829015,0.00059003,0.0336
3510,4.976912,5.167730,1770374613.235373,0.00058990,0.0339
3520,4.897153,5.546797,1770374650.6770098,0.00058977,0.0342
3530,5.243765,4.930407,1770374688.126909,0.00058963,0.0345
3540,5.320680,5.148397,1770374725.545793,0.00058950,0.0347
3550,5.322711,5.241788,1770374763.0045822,0.00058936,0.0349
3560,4.906741,5.154461,1770374800.4427412,0.00058923,0.0351
3570,5.449663,4.973270,1770374837.9095912,0.00058909,0.0353
3580,5.421845,5.307166,1770374875.3537867,0.00058895,0.0354
3590,5.581667,5.016878,1770374912.8135743,0.00058881,0.0355
3600,4.903966,5.240261,1770374950.2573757,0.00058867,0.0357
3610,5.028002,4.894899,1770374987.7256904,0.00058853,0.0358
3620,5.461497,5.380129,1770375025.1598191,0.00058839,0.0359
3630,5.109619,5.143817,1770375062.6194847,0.00058824,0.0360
3640,4.958629,5.140593,1770375100.0668716,0.00058810,0.0360
3650,5.177425,5.084947,1770375137.5249064,0.00058795,0.0361
3660,5.662175,5.196097,1770375174.9737902,0.00058781,0.0362
3670,5.143766,5.238467,1770375212.4292147,0.00058766,0.0362
3680,5.167117,5.260576,1770375249.8536668,0.00058752,0.0363
3690,5.288472,5.011852,1770375287.2971072,0.00058737,0.0364
3700,5.284833,5.587679,1770375324.7230692,0.00058722,0.0364
3710,5.270515,5.110383,1770375362.1719446,0.00058707,0.0364
3720,5.210736,5.050579,1770375399.6075525,0.00058692,0.0365
3730,5.319081,5.444339,1770375437.0682297,0.00058677,0.0365
3740,5.307820,5.340908,1770375474.4930792,0.00058662,0.0365
3750,5.166441,5.485898,1770375511.9277568,0.00058646,0.0366
3760,5.350193,5.142113,1770375549.3321545,0.00058631,0.0366
3770,5.555307,4.956557,1770375586.8012733,0.00058615,0.0366
3780,5.139440,5.027937,1770375624.2424862,0.00058600,0.0366
3790,5.196890,5.136744,1770375661.6968317,0.00058584,0.0366
3800,5.248867,5.115569,1770375699.1174219,0.00058568,0.0366
3810,5.096757,5.238172,1770375736.5522404,0.00058553,0.0366
3820,5.322486,5.597554,1770375773.956079,0.00058537,0.0367
3830,5.006759,5.426880,1770375811.4316924,0.00058521,0.0367
3840,5.466191,5.449762,1770375848.8562512,0.00058505,0.0367
3850,5.418704,5.382558,1770375886.3123236,0.00058488,0.0367
3860,5.429089,4.877790,1770375923.7436042,0.00058472,0.0367
3870,5.220999,5.048655,1770375961.195703,0.00058456,0.0367
3880,5.083007,5.028675,1770375998.6153648,0.00058439,0.0367
3890,5.217407,5.307151,1770376036.055456,0.00058423,0.0367
3900,5.480879,5.195797,1770376073.4899347,0.00058406,0.0367
3910,5.342826,5.217868,1770376110.9473424,0.00058390,0.0367
3920,5.240359,5.448287,1770376148.383462,0.00058373,0.0367
3930,5.045074,5.306437,1770376185.8258681,0.00058356,0.0367
3940,4.962552,5.128009,1770376223.245686,0.00058339,0.0367
3950,5.318266,5.356119,1770376260.6829302,0.00058322,0.0367
3960,5.341179,5.181865,1770376298.111355,0.00058305,0.0367
3970,5.275996,4.855440,1770376335.5709822,0.00058288,0.0367
3980,5.067122,5.005779,1770376373.007901,0.00058271,0.0367
3990,5.225834,4.971471,1770376410.454426,0.00058253,0.0367
4000,5.190735,5.172587,1770376460.5473387,0.00058236,0.0367
4000,5.076217,4.981488,1770376468.3872683,0.00058236,0.0336
4010,5.314764,4.853201,1770376505.8204114,0.00058219,0.0340
4020,5.499631,4.971475,1770376543.258267,0.00058201,0.0342
4030,5.002744,5.144627,1770376580.7202652,0.00058183,0.0345
4040,5.174808,5.414169,1770376618.151861,0.00058165,0.0347
4050,4.883458,5.237080,1770376655.5623434,0.00058148,0.0349
4060,5.043706,5.202553,1770376692.9538436,0.00058130,0.0351
4070,5.206972,5.221258,1770376730.3813632,0.00058112,0.0353
4080,5.189856,5.251640,1770376767.8264503,0.00058094,0.0354
4090,5.294081,5.124377,1770376805.274244,0.00058075,0.0356
4100,5.531134,4.995949,1770376842.711521,0.00058057,0.0357
4110,5.544859,5.219528,1770376880.1654913,0.00058039,0.0358
4120,5.401626,4.961546,1770376917.5884607,0.00058020,0.0359
4130,4.913203,5.337814,1770376955.0200627,0.00058002,0.0360
4140,4.665307,5.142555,1770376992.4930763,0.00057983,0.0360
4150,5.195431,5.385941,1770377029.924122,0.00057965,0.0361
4160,5.092764,5.222284,1770377067.323594,0.00057946,0.0362
4170,5.233082,4.897250,1770377104.7900777,0.00057927,0.0362
4180,4.777704,5.143733,1770377142.1982245,0.00057908,0.0363
4190,4.767031,5.723111,1770377179.6916246,0.00057889,0.0364
4200,5.496862,5.707594,1770377217.1107442,0.00057870,0.0364
4210,5.067369,5.191985,1770377254.561276,0.00057851,0.0364
4220,5.422404,5.211765,1770377291.9871197,0.00057832,0.0365
4230,5.173090,5.353249,1770377329.4387832,0.00057812,0.0365
4240,4.552850,4.874893,1770377366.8680248,0.00057793,0.0365
4250,5.225678,5.275214,1770377404.3135495,0.00057773,0.0366
4260,5.109189,5.237732,1770377441.7322807,0.00057754,0.0366
4270,5.008223,5.187291,1770377479.1875615,0.00057734,0.0366
4280,5.021650,5.094776,1770377516.618993,0.00057714,0.0366
4290,5.336645,4.968691,1770377554.0728946,0.00057695,0.0366
4300,5.212755,5.048488,1770377591.4956365,0.00057675,0.0366
4310,5.133168,5.081045,1770377628.9420726,0.00057655,0.0367
4320,5.617912,5.076165,1770377666.3755636,0.00057635,0.0367
4330,5.142853,5.021579,1770377703.7997968,0.00057615,0.0367
4340,5.211422,5.475559,1770377741.2481086,0.00057594,0.0367
4350,5.163135,5.121627,1770377778.7000556,0.00057574,0.0367
4360,5.124168,5.271762,1770377816.1313133,0.00057554,0.0367
4370,5.163260,5.132354,1770377853.5815017,0.00057533,0.0367
4380,5.084985,5.166806,1770377891.0086584,0.00057513,0.0367
4390,5.214707,4.795582,1770377928.4541833,0.00057492,0.0367
4400,5.182430,4.992114,1770377965.8884766,0.00057471,0.0367
4410,5.277039,5.116152,1770378003.345422,0.00057450,0.0367
4420,5.377864,5.261332,1770378040.772085,0.00057430,0.0367
4430,5.071830,5.466457,1770378078.2141266,0.00057409,0.0367
4440,5.019629,5.174644,1770378115.6352024,0.00057387,0.0367
4450,5.252784,4.902028,1770378153.0806327,0.00057366,0.0367
4460,5.218145,5.287091,1770378190.50398,0.00057345,0.0368
4470,5.183272,4.932586,1770378227.9508603,0.00057324,0.0368
4480,5.254649,5.278279,1770378265.4297414,0.00057302,0.0368
4490,5.210958,5.461426,1770378302.8744116,0.00057281,0.0368
4500,5.184003,5.188509,1770378370.270778,0.00057260,0.0368
4500,5.346613,5.027700,1770378378.3390079,0.00057260,0.0336
4510,5.208809,5.172308,1770378415.793481,0.00057238,0.0340
4520,5.473563,5.130598,1770378453.239253,0.00057216,0.0342
4530,5.107656,5.043026,1770378490.693776,0.00057194,0.0345
4540,5.224332,5.209500,1770378528.1395085,0.00057173,0.0347
4550,5.271454,5.077326,1770378565.5893264,0.00057151,0.0349
4560,5.420306,5.102765,1770378603.0081353,0.00057129,0.0351
4570,5.448989,5.556980,1770378640.451635,0.00057107,0.0353
4580,5.361368,4.977862,1770378677.8700924,0.00057084,0.0354
4590,5.112900,4.979495,1770378715.3240886,0.00057062,0.0356
4600,5.124509,5.841209,1770378752.761107,0.00057040,0.0357
4610,5.171326,5.203340,1770378790.2142065,0.00057017,0.0358
4620,5.137516,5.254997,1770378827.6561797,0.00056995,0.0359
4630,5.255449,5.118267,1770378865.084479,0.00056972,0.0360
4640,5.342535,5.276208,1770378902.5122612,0.00056950,0.0360
4650,5.142080,4.964700,1770378939.964579,0.00056927,0.0361
4660,5.297137,5.208889,1770378977.4002802,0.00056904,0.0362
4670,5.091321,5.088809,1770379014.8561165,0.00056881,0.0363
4680,5.104856,5.053914,1770379052.2857804,0.00056858,0.0363
4690,5.338812,5.229755,1770379089.734189,0.00056835,0.0363
4700,5.119131,5.258543,1770379127.1555443,0.00056812,0.0364
4710,5.287163,5.129451,1770379164.6064758,0.00056789,0.0364
4720,5.197629,5.046556,1770379202.0361695,0.00056765,0.0365
4730,5.128910,5.443633,1770379239.4916077,0.00056742,0.0365
4740,5.266766,5.119310,1770379276.9115481,0.00056719,0.0365
4750,5.435119,5.076973,1770379314.356198,0.00056695,0.0365
4760,5.296906,4.838228,1770379351.773258,0.00056671,0.0366
4770,5.050142,5.376289,1770379389.216622,0.00056648,0.0366
4780,5.198388,5.269533,1770379426.655952,0.00056624,0.0366
4790,5.243843,5.027336,1770379464.108634,0.00056600,0.0366
4800,5.311641,5.257704,1770379501.549102,0.00056576,0.0366
4810,5.144095,5.024047,1770379538.9930103,0.00056552,0.0366
4820,4.757204,5.051180,1770379576.4239767,0.00056528,0.0366
4830,5.383791,4.868434,1770379613.8657825,0.00056504,0.0367
4840,5.343134,5.401756,1770379651.289129,0.00056480,0.0367
4850,5.178754,5.060091,1770379688.7492063,0.00056455,0.0366
4860,5.000197,5.037134,1770379726.1946485,0.00056431,0.0367
4870,5.312620,5.373941,1770379763.642448,0.00056407,0.0367
4880,5.127932,5.578133,1770379801.0692253,0.00056382,0.0367
4890,5.394863,5.486928,1770379838.5046992,0.00056357,0.0367
4900,4.880232,5.552548,1770379875.9252918,0.00056333,0.0367
4910,4.978233,5.012529,1770379913.4040482,0.00056308,0.0367
4920,5.039500,5.301184,1770379950.843649,0.00056283,0.0367
4930,5.147048,5.134315,1770379988.3415465,0.00056258,0.0367
4940,5.255943,5.169755,1770380025.758341,0.00056233,0.0367
4950,5.521588,5.191579,1770380063.2090878,0.00056208,0.0367
4960,4.841344,5.015350,1770380100.636782,0.00056183,0.0367
4970,5.072163,5.451136,1770380138.085454,0.00056157,0.0367
4980,4.962063,5.136714,1770380175.567263,0.00056132,0.0367
4990,4.890164,5.027986,1770380213.0216517,0.00056107,0.0368
5000,5.159180,5.193129,1770380263.2058876,0.00056081,0.0368
5000,4.866951,5.162558,1770380270.9862714,0.00056081,0.0336
5010,5.171790,5.746122,1770380308.4342864,0.00056056,0.0340
5020,5.196438,5.327840,1770380345.8569846,0.00056030,0.0342
5030,5.410773,5.296061,1770380383.3135004,0.00056004,0.0345
5040,5.419854,5.632986,1770380420.7506003,0.00055979,0.0347
5050,4.954271,5.306758,1770380458.1970022,0.00055953,0.0349
5060,5.155179,5.222741,1770380495.6245935,0.00055927,0.0351
5070,4.950696,5.220069,1770380533.063381,0.00055901,0.0353
5080,5.364961,4.883054,1770380570.493653,0.00055875,0.0354
5090,5.126514,5.077370,1770380607.9413729,0.00055848,0.0356
5100,4.846512,5.160326,1770380645.3803022,0.00055822,0.0357
5110,5.356045,5.241859,1770380682.8348987,0.00055796,0.0358
5120,5.307426,5.352860,1770380720.2595284,0.00055769,0.0359
5130,5.466285,5.402324,1770380757.7008288,0.00055743,0.0360
5140,5.246792,5.051262,1770380795.1284444,0.00055716,0.0361
5150,5.300025,5.070898,1770380832.5700378,0.00055690,0.0361
5160,5.249485,4.880552,1770380870.0080361,0.00055663,0.0362
5170,4.962128,5.364017,1770380907.4598837,0.00055636,0.0363
5180,5.194975,5.089512,1770380944.8881316,0.00055609,0.0363
5190,5.389116,6.117014,1770380982.3310921,0.00055582,0.0364
5200,4.964004,4.952419,1770381019.7534866,0.00055555,0.0364
5210,5.210586,5.113201,1770381057.2026203,0.00055528,0.0364
5220,5.112761,5.059307,1770381094.66011,0.00055501,0.0365
5230,5.302460,5.343204,1770381132.104132,0.00055474,0.0365
5240,5.372340,4.870699,1770381169.5364294,0.00055447,0.0365
5250,5.337908,5.261160,1770381206.984278,0.00055419,0.0365
5260,4.940906,4.987952,1770381244.4098766,0.00055392,0.0366
5270,4.982357,4.997530,1770381281.861955,0.00055364,0.0366
5280,5.131556,4.958063,1770381319.4858549,0.00055337,0.0366
5290,5.702479,5.369283,1770381356.9174397,0.00055309,0.0366
5300,5.140602,4.957952,1770381394.3685534,0.00055281,0.0366
5310,5.157586,5.374607,1770381431.820543,0.00055253,0.0366
5320,5.249808,4.862767,1770381469.244752,0.00055225,0.0367
5330,5.052018,5.309738,1770381506.6888025,0.00055197,0.0367
5340,5.184104,5.263269,1770381544.107496,0.00055169,0.0367
5350,5.652601,5.208255,1770381581.5610523,0.00055141,0.0367
5360,5.224610,5.245006,1770381618.9937754,0.00055113,0.0367
5370,5.394895,5.814316,1770381656.4408464,0.00055085,0.0367
5380,5.415702,5.318779,1770381693.866236,0.00055056,0.0367
5390,5.113717,5.185047,1770381731.316009,0.00055028,0.0367
5400,5.352270,5.242327,1770381768.7395113,0.00054999,0.0367
5410,5.355909,5.159613,1770381806.1876385,0.00054971,0.0367
5420,5.146073,5.196806,1770381843.6277075,0.00054942,0.0367
5430,5.151666,5.329771,1770381881.0773723,0.00054913,0.0367
5440,5.101413,5.427907,1770381918.5149405,0.00054885,0.0367
5450,5.234641,5.267055,1770381955.9640088,0.00054856,0.0367
5460,5.299875,5.264906,1770381993.3924298,0.00054827,0.0367
5470,5.410732,5.301816,1770382030.8382318,0.00054798,0.0367
5480,5.220386,4.841394,1770382068.274957,0.00054769,0.0367
5490,5.084167,5.197490,1770382105.7306604,0.00054739,0.0367
5500,5.207586,5.215564,1770382155.9618714,0.00054710,0.0367
5500,5.444407,5.210566,1770382164.1564589,0.00054710,0.0336
5510,4.994814,5.000587,1770382201.5966377,0.00054681,0.0339
5520,5.213270,5.168512,1770382239.0188842,0.00054651,0.0342
5530,5.180914,5.093679,1770382276.4655113,0.00054622,0.0345
5540,5.104768,5.066040,1770382313.938428,0.00054592,0.0347
5550,5.190337,5.301462,1770382351.3866525,0.00054563,0.0349
5560,4.926205,5.002325,1770382388.8248217,0.00054533,0.0351
5570,5.379522,5.293114,1770382426.2772362,0.00054503,0.0353
5580,5.285618,5.614988,1770382463.696648,0.00054474,0.0354
5590,5.135208,5.128332,1770382501.1419828,0.00054444,0.0355
5600,5.225219,4.976605,1770382538.5855708,0.00054414,0.0357
5610,5.246204,5.284267,1770382576.052035,0.00054384,0.0358
5620,5.252149,5.200927,1770382613.4809277,0.00054354,0.0359
5630,5.226153,5.055815,1770382650.9187298,0.00054323,0.0360
5640,5.109971,5.081159,1770382688.3448136,0.00054293,0.0361
5650,5.151563,5.231556,1770382725.8060338,0.00054263,0.0361
5660,5.044994,5.615335,1770382763.2325196,0.00054232,0.0362
5670,4.811421,5.088753,1770382800.6914628,0.00054202,0.0362
5680,5.071477,5.098300,1770382838.1157851,0.00054171,0.0363
5690,5.177565,5.330651,1770382875.5686538,0.00054141,0.0364
5700,5.040319,5.404443,1770382912.9957893,0.00054110,0.0364
5710,5.129799,5.042468,1770382950.4433029,0.00054079,0.0364
5720,5.397295,4.923777,1770382987.8755057,0.00054049,0.0365
5730,5.377889,5.169214,1770383025.3314557,0.00054018,0.0365
5740,5.087921,5.191832,1770383062.749019,0.00053987,0.0365
5750,5.261413,5.562946,1770383100.1848078,0.00053956,0.0365
5760,5.696650,5.057809,1770383137.6041536,0.00053924,0.0366
5770,4.911538,5.210815,1770383175.0490663,0.00053893,0.0366
5780,5.380601,5.333276,1770383212.4634266,0.00053862,0.0366
5790,5.071516,5.347695,1770383249.909236,0.00053831,0.0366
5800,5.140715,5.570334,1770383287.342603,0.00053799,0.0366
5810,5.168595,5.214326,1770383324.7943797,0.00053768,0.0366
5820,4.936326,5.155323,1770383362.214699,0.00053736,0.0367
5830,4.925095,4.926259,1770383399.6556711,0.00053705,0.0367
5840,5.239305,4.967585,1770383437.0717018,0.00053673,0.0367
5850,5.204147,5.036178,1770383474.5194223,0.00053641,0.0367
5860,4.901693,5.194422,1770383511.9577267,0.00053609,0.0367
5870,5.232898,5.398563,1770383549.4060106,0.00053578,0.0367
5880,5.220188,5.414431,1770383586.8418684,0.00053546,0.0367
5890,5.069215,5.279746,1770383624.2806795,0.00053514,0.0367
5900,5.069056,5.235971,1770383661.7033305,0.00053482,0.0367
5910,5.111679,5.608889,1770383699.6223812,0.00053449,0.0367
5920,4.914983,5.150790,1770383737.0328715,0.00053417,0.0367
5930,5.192391,5.215052,1770383774.4829996,0.00053385,0.0367
5940,5.098261,5.289194,1770383811.9023075,0.00053352,0.0367
5950,5.041016,4.835928,1770383849.3332593,0.00053320,0.0367
5960,5.087192,4.868967,1770383886.7493963,0.00053288,0.0367
5970,5.183313,5.051977,1770383924.1972983,0.00053255,0.0367
5980,5.158603,5.192928,1770383961.626037,0.00053222,0.0368
5990,5.179601,5.236767,1770383999.0667603,0.00053190,0.0368
6000,5.184716,5.222196,1770384049.203396,0.00053157,0.0368
6000,5.343428,5.015960,1770384057.157707,0.00053157,0.0336
6010,5.175737,5.090512,1770384094.5961938,0.00053124,0.0340
6020,5.221792,5.412254,1770384132.005264,0.00053091,0.0342
6030,5.566357,5.153927,1770384169.4470005,0.00053058,0.0345
6040,5.191311,4.999885,1770384206.8665712,0.00053025,0.0347
6050,5.354814,5.292693,1770384244.323826,0.00052992,0.0349
6060,5.176639,4.899459,1770384281.7685437,0.00052959,0.0351
6070,5.186836,5.251130,1770384319.2382183,0.00052925,0.0353
6080,4.914540,5.506197,1770384356.6745093,0.00052892,0.0354
6090,5.157490,5.118721,1770384394.1260412,0.00052859,0.0355
6100,5.091692,5.292183,1770384431.5644114,0.00052825,0.0357
6110,4.885589,5.352180,1770384469.030399,0.00052792,0.0358
6120,5.151770,5.292263,1770384506.4641466,0.00052758,0.0359
6130,5.213315,5.164140,1770384543.931613,0.00052724,0.0360
6140,5.167749,5.093990,1770384581.3651674,0.00052691,0.0360
6150,5.212114,5.169585,1770384618.8352926,0.00052657,0.0361
6160,5.273319,5.452160,1770384656.2675834,0.00052623,0.0362
6170,5.005624,5.105725,1770384693.7229733,0.00052589,0.0362
6180,5.315340,5.099304,1770384731.164694,0.00052555,0.0363
6190,5.021397,5.004797,1770384768.6364422,0.00052521,0.0363
6200,5.069102,4.991623,1770384806.0836375,0.00052487,0.0364
6210,5.478110,4.875951,1770384843.538692,0.00052453,0.0364
6220,5.089263,5.140521,1770384880.9838772,0.00052419,0.0365
6230,5.289873,5.381209,1770384918.4334366,0.00052384,0.0365
6240,5.290940,5.638168,1770384955.8876023,0.00052350,0.0365
6250,5.286499,5.132317,1770384993.3448923,0.00052315,0.0365
6260,5.043539,5.414167,1770385030.791211,0.00052281,0.0366
6270,5.312987,5.709647,1770385068.2469969,0.00052246,0.0366
6280,5.318034,5.006833,1770385105.6956923,0.00052212,0.0366
6290,5.000870,5.060427,1770385143.1545668,0.00052177,0.0366
6300,5.142178,5.594593,1770385180.586458,0.00052142,0.0366
6310,5.034208,4.917194,1770385218.0556247,0.00052107,0.0366
6320,5.151675,5.227761,1770385255.4989393,0.00052072,0.0366
6330,5.344960,5.169978,1770385292.9649332,0.00052037,0.0366
6340,5.228013,5.380492,1770385330.4070203,0.00052002,0.0367
6350,5.400905,5.658301,1770385367.8751786,0.00051967,0.0367
6360,4.811713,5.289268,1770385405.3134305,0.00051932,0.0367
6370,5.222656,5.583604,1770385442.7818332,0.00051897,0.0367
6380,5.438280,5.589176,1770385480.2182965,0.00051861,0.0367
6390,5.350253,5.236982,1770385517.6714377,0.00051826,0.0367
6400,5.233408,5.245277,1770385555.1230834,0.00051791,0.0367
6410,5.406073,5.196972,1770385592.5725806,0.00051755,0.0367
6420,5.092751,5.268044,1770385630.003638,0.00051720,0.0367
6430,4.907381,5.145288,1770385667.4735115,0.00051684,0.0367
6440,5.369071,5.184246,1770385704.9187315,0.00051648,0.0367
6450,5.271908,5.802658,1770385742.3829234,0.00051613,0.0367
6460,5.312431,5.144291,1770385779.8201804,0.00051577,0.0367
6470,5.558595,5.572460,1770385817.2852013,0.00051541,0.0367
6480,5.074861,5.412509,1770385854.7348254,0.00051505,0.0367
6490,5.159058,5.574854,1770385892.1924734,0.00051469,0.0367
6500,5.179858,5.204916,1770385942.4428031,0.00051433,0.0367
6500,5.244021,5.767429,1770385950.789149,0.00051433,0.0336
6510,5.289310,5.121557,1770385988.2570274,0.00051397,0.0339
6520,5.104846,5.192347,1770386025.7165148,0.00051361,0.0342
6530,5.245818,5.113575,1770386063.1643696,0.00051324,0.0345
6540,5.164615,5.209054,1770386100.5975082,0.00051288,0.0347
6550,4.744356,5.264770,1770386138.065304,0.00051252,0.0349
6560,5.107788,5.075715,1770386175.5092545,0.00051215,0.0351
6570,5.071229,5.329173,1770386212.9701612,0.00051179,0.0353
6580,6.053815,5.022647,1770386250.4132214,0.00051142,0.0354
6590,5.266818,5.512290,1770386287.8777027,0.00051105,0.0355
6600,5.068397,5.260338,1770386325.313376,0.00051069,0.0357
6610,5.542919,5.368639,1770386362.7757514,0.00051032,0.0358
6620,4.926661,5.393745,1770386400.2243657,0.00050995,0.0359
6630,5.050141,5.695609,1770386437.695839,0.00050958,0.0360
6640,5.531159,5.652788,1770386475.1316254,0.00050921,0.0360
6650,5.088835,4.994252,1770386512.5848877,0.00050884,0.0361
6660,5.237556,5.459937,1770386550.0251608,0.00050847,0.0362
6670,5.171574,5.353858,1770386587.4825654,0.00050810,0.0362
6680,5.171770,5.103265,1770386624.9282012,0.00050773,0.0363
6690,5.375927,5.155209,1770386662.398589,0.00050736,0.0363
6700,5.211394,5.231987,1770386699.8343375,0.00050698,0.0364
6710,5.119337,5.435925,1770386737.2972891,0.00050661,0.0364
6720,4.999733,5.252142,1770386774.7638032,0.00050624,0.0364
6730,5.096967,5.085335,1770386812.2199419,0.00050586,0.0365
6740,5.229558,5.438812,1770386849.6676805,0.00050549,0.0365
6750,5.081562,5.323955,1770386887.1272404,0.00050511,0.0365
6760,5.371041,5.277843,1770386924.5717058,0.00050473,0.0365
6770,5.118522,5.233085,1770386962.0318065,0.00050436,0.0366
6780,5.187587,5.098931,1770386999.4798439,0.00050398,0.0366
6790,4.997160,5.299053,1770387036.9309263,0.00050360,0.0366
6800,5.359825,4.937286,1770387074.378772,0.00050322,0.0366
6810,5.206587,5.538490,1770387111.8464928,0.00050284,0.0366
6820,5.139855,5.184685,1770387149.2916398,0.00050246,0.0366
6830,5.090986,5.165540,1770387186.7695003,0.00050208,0.0367
6840,5.030219,5.003412,1770387224.2168558,0.00050170,0.0367
6850,4.827120,5.394417,1770387261.6641924,0.00050132,0.0367
6860,4.886011,5.200408,1770387299.1015475,0.00050093,0.0367
6870,4.846191,5.512943,1770387336.5692701,0.00050055,0.0367
6880,5.200791,5.229493,1770387374.008896,0.00050017,0.0367
6890,5.576249,5.200359,1770387411.4751167,0.00049978,0.0367
6900,5.186666,5.201586,1770387448.9157345,0.00049940,0.0367
6910,5.053985,5.365867,1770387486.375247,0.00049901,0.0367
6920,5.401446,5.492533,1770387523.8195174,0.00049863,0.0367
6930,5.448657,5.127971,1770387561.273268,0.00049824,0.0367
6940,5.038826,5.295557,1770387598.7285688,0.00049785,0.0367
6950,4.916906,5.136645,1770387636.187928,0.00049746,0.0367
6960,5.096378,5.155265,1770387673.6412632,0.00049708,0.0367
6970,5.440692,5.327009,1770387711.117532,0.00049669,0.0367
6980,5.489908,5.330832,1770387748.5669181,0.00049630,0.0367
6990,5.135745,4.892846,1770387786.0229692,0.00049591,0.0367
7000,5.236426,5.235682,1770387836.1934555,0.00049552,0.0367
7000,5.006362,5.190972,1770387844.4636164,0.00049552,0.0336
7010,5.146384,5.387746,1770387881.9325328,0.00049512,0.0339
7020,5.061505,5.149210,1770387919.366866,0.00049473,0.0342
7030,5.268623,6.189836,1770387956.8197591,0.00049434,0.0345
7040,5.246617,5.184780,1770387994.2567768,0.00049395,0.0347
7050,5.366324,5.022280,1770388031.7272801,0.00049355,0.0349
7060,5.238311,5.357548,1770388069.1707158,0.00049316,0.0351
7070,5.140893,4.915547,1770388106.637771,0.00049276,0.0353
7080,5.362808,5.372480,1770388144.0764108,0.00049237,0.0354
7090,5.256467,5.050302,1770388181.5387282,0.00049197,0.0356
7100,5.211343,5.488579,1770388218.9827874,0.00049158,0.0357
7110,5.524687,5.148803,1770388256.4469206,0.00049118,0.0358
7120,5.336665,5.300791,1770388293.8873749,0.00049078,0.0359
7130,5.000397,5.419428,1770388331.353812,0.00049038,0.0360
7140,5.058705,5.020267,1770388368.797538,0.00048998,0.0360
7150,5.376597,4.974443,1770388406.2655602,0.00048959,0.0361
7160,5.156984,5.304446,1770388443.7037067,0.00048919,0.0362
7170,4.931292,5.114643,1770388481.1532252,0.00048879,0.0363
7180,5.361833,5.161403,1770388518.603383,0.00048838,0.0363
7190,5.319033,5.216057,1770388556.3480957,0.00048798,0.0363
7200,5.294644,5.212080,1770388593.7905366,0.00048758,0.0364
7210,5.085651,5.315148,1770388631.2858338,0.00048718,0.0364
7220,5.157681,5.048119,1770388668.7257066,0.00048678,0.0365
7230,5.365009,5.154381,1770388706.185995,0.00048637,0.0365
7240,4.945421,5.119649,1770388743.6161532,0.00048597,0.0365
7250,5.005168,5.090140,1770388781.0751352,0.00048556,0.0365
7260,4.974049,5.469546,1770388818.5262241,0.00048516,0.0365
7270,5.152692,5.142612,1770388855.9886925,0.00048475,0.0366
7280,5.289469,5.272936,1770388893.4295714,0.00048435,0.0366
7290,5.405326,4.960532,1770388930.892856,0.00048394,0.0366
7300,5.393922,5.140156,1770388968.3300755,0.00048353,0.0366
7310,5.244482,5.071545,1770389005.794258,0.00048312,0.0366
7320,4.977453,5.082837,1770389043.2368176,0.00048271,0.0366
7330,4.833501,5.194372,1770389080.6965923,0.00048231,0.0367
7340,5.449826,5.020480,1770389118.1331787,0.00048190,0.0367
7350,5.202565,5.036255,1770389155.6005795,0.00048149,0.0367
7360,5.040688,5.028288,1770389193.0382922,0.00048108,0.0367
7370,5.294898,5.395042,1770389230.4922626,0.00048066,0.0367
7380,5.184074,5.025600,1770389267.9454622,0.00048025,0.0367
7390,5.231611,5.054206,1770389305.4020882,0.00047984,0.0367
7400,5.182114,5.133063,1770389342.829665,0.00047943,0.0367
7410,5.261139,5.672472,1770389380.293645,0.00047901,0.0367
7420,5.544329,5.207561,1770389417.73343,0.00047860,0.0367
7430,5.381458,5.399986,1770389455.1974003,0.00047819,0.0367
7440,5.318667,5.181261,1770389492.6320875,0.00047777,0.0367
7450,4.912098,5.142766,1770389530.1357982,0.00047736,0.0367
7460,5.357192,5.349767,1770389567.5574086,0.00047694,0.0367
7470,5.070958,5.257823,1770389605.0223503,0.00047652,0.0367
7480,5.113010,5.208115,1770389642.4633443,0.00047611,0.0367
7490,5.331864,5.390318,1770389679.9247906,0.00047569,0.0367
7500,5.228554,5.220356,1770389730.0444055,0.00047527,0.0367
7500,5.407524,5.115617,1770389738.2452168,0.00047527,0.0336
7510,5.257793,5.087855,1770389775.7109592,0.00047485,0.0339
7520,5.604340,5.084180,1770389813.1497936,0.00047443,0.0342
7530,5.152450,5.351415,1770389850.6178846,0.00047401,0.0345
7540,5.028293,5.158589,1770389888.061286,0.00047359,0.0347
7550,4.898238,5.242068,1770389925.5266757,0.00047317,0.0349
7560,5.328920,5.415909,1770389962.978003,0.00047275,0.0351
7570,5.188975,5.209831,1770390000.4363601,0.00047233,0.0353
7580,5.232765,5.117732,1770390037.8853784,0.00047191,0.0354
7590,5.153599,5.726795,1770390075.345291,0.00047149,0.0355
7600,5.415052,5.560282,1770390112.7996173,0.00047106,0.0357
7610,5.424464,5.187305,1770390150.2480469,0.00047064,0.0358
7620,5.107532,5.149320,1770390187.6856778,0.00047022,0.0359
7630,5.060152,5.366934,1770390225.152918,0.00046979,0.0360
7640,5.323259,5.214753,1770390262.6074002,0.00046937,0.0360
7650,5.178465,5.262615,1770390300.0547411,0.00046894,0.0361
7660,5.506073,4.953959,1770390337.478999,0.00046852,0.0362
7670,5.060999,5.530028,1770390374.9127085,0.00046809,0.0362
7680,5.350502,5.138135,1770390412.3138096,0.00046766,0.0363
7690,5.333093,4.925856,1770390449.7710876,0.00046723,0.0363
7700,5.184596,5.304103,1770390487.1730437,0.00046681,0.0364
7710,5.237824,5.383513,1770390524.6250224,0.00046638,0.0364
7720,5.072908,5.277242,1770390562.0387783,0.00046595,0.0365
7730,5.316579,5.219021,1770390599.483746,0.00046552,0.0365
7740,5.152816,5.409689,1770390636.9071813,0.00046509,0.0365
7750,5.113906,5.075912,1770390674.339716,0.00046466,0.0366
7760,5.313262,5.251960,1770390711.7548099,0.00046423,0.0366
7770,5.341088,5.026814,1770390749.1976397,0.00046380,0.0366
7780,5.449400,5.276229,1770390786.6406686,0.00046337,0.0366
7790,5.269122,5.112694,1770390824.1153314,0.00046293,0.0366
7800,5.268769,5.271149,1770390861.5440037,0.00046250,0.0367
7810,5.189652,5.011251,1770390898.9997005,0.00046207,0.0367
7820,5.314670,5.745100,1770390936.4432878,0.00046163,0.0367
7830,4.741972,5.294171,1770390973.893895,0.00046120,0.0367
7840,5.211473,6.227600,1770391011.3246274,0.00046077,0.0367
7850,5.605525,5.545669,1770391048.7721257,0.00046033,0.0367
7860,5.165989,5.204221,1770391086.1734045,0.00045990,0.0367
7870,5.175348,5.480171,1770391123.6171834,0.00045946,0.0367
7880,5.135927,5.076047,1770391161.0412562,0.00045902,0.0367
7890,5.250704,5.175851,1770391198.4888005,0.00045859,0.0367
7900,5.517449,5.187855,1770391235.9137208,0.00045815,0.0367
7910,5.332056,5.341024,1770391273.3639987,0.00045771,0.0367
7920,5.262930,5.415171,1770391310.771345,0.00045727,0.0367
7930,5.147573,5.341240,1770391348.202931,0.00045683,0.0367
7940,5.340167,4.962001,1770391385.6271923,0.00045639,0.0367
7950,5.102831,5.023842,1770391423.0516498,0.00045595,0.0367
7960,5.108391,5.175049,1770391460.4817638,0.00045551,0.0367
7970,4.952186,5.037538,1770391497.924246,0.00045507,0.0367
7980,5.299971,5.104916,1770391535.3475826,0.00045463,0.0367
7990,5.179381,4.914361,1770391572.7859359,0.00045419,0.0368
8000,5.231667,5.238907,1770391622.9280052,0.00045375,0.0368
8000,5.274028,5.088020,1770391631.1091003,0.00045375,0.0336
8010,5.237668,5.191650,1770391668.552643,0.00045331,0.0340
8020,5.158543,5.416028,1770391705.9787824,0.00045286,0.0342
8030,5.267691,5.034919,1770391743.4102726,0.00045242,0.0345
8040,5.092763,5.130299,1770391780.8325324,0.00045198,0.0347
8050,5.099081,5.323081,1770391818.2739594,0.00045153,0.0349
8060,5.200350,5.012489,1770391855.6991413,0.00045109,0.0351
8070,5.234949,5.587996,1770391893.1485915,0.00045064,0.0353
8080,5.665962,5.431016,1770391930.5712545,0.00045020,0.0354
8090,5.330809,5.488382,1770391968.0106761,0.00044975,0.0356
8100,5.112180,5.201923,1770392005.435828,0.00044931,0.0357
8110,5.154791,4.968290,1770392042.8700452,0.00044886,0.0358
8120,5.498907,5.175249,1770392080.297179,0.00044841,0.0359
8130,5.414272,5.517347,1770392117.8024893,0.00044797,0.0360
8140,5.146602,5.264936,1770392155.3148882,0.00044752,0.0360
8150,5.179959,5.558356,1770392192.8525577,0.00044707,0.0361
8160,5.346432,5.144832,1770392230.3633769,0.00044662,0.0362
8170,5.398338,5.161088,1770392267.908114,0.00044617,0.0362
8180,5.154660,5.314432,1770392305.4177754,0.00044572,0.0363
8190,5.787855,5.465931,1770392342.941921,0.00044527,0.0363
8200,5.211086,5.107295,1770392380.462256,0.00044482,0.0364
8210,5.359808,5.205666,1770392418.005858,0.00044437,0.0364
8220,5.267514,5.258987,1770392455.5174453,0.00044392,0.0364
8230,5.696067,5.603529,1770392493.0600748,0.00044347,0.0364
8240,5.113322,5.165869,1770392530.5772276,0.00044301,0.0365
8250,5.151719,5.687723,1770392568.121312,0.00044256,0.0365
8260,5.042710,5.437292,1770392605.633911,0.00044211,0.0365
8270,5.168867,5.495905,1770392643.182016,0.00044165,0.0365
8280,5.390807,5.261816,1770392680.6898823,0.00044120,0.0366
8290,5.296249,5.233444,1770392718.2259488,0.00044075,0.0366
8300,5.356843,5.429864,1770392755.7635841,0.00044029,0.0366
8310,5.426051,5.175892,1770392793.2965493,0.00043984,0.0366
8320,5.360274,5.320390,1770392830.8059118,0.00043938,0.0366
8330,5.206228,5.426918,1770392868.3482509,0.00043893,0.0366
8340,5.320469,5.059555,1770392905.869656,0.00043847,0.0366
8350,4.953210,5.156291,1770392943.4076433,0.00043801,0.0366
8360,5.537475,5.066469,1770392980.9162285,0.00043756,0.0366
8370,5.669184,5.069729,1770393018.4584203,0.00043710,0.0366
8380,5.121572,5.094898,1770393055.9775484,0.00043664,0.0366
8390,5.452379,5.203506,1770393093.5102313,0.00043618,0.0366
8400,5.445745,5.278571,1770393131.033858,0.00043572,0.0366
8410,5.080662,5.693525,1770393168.5759242,0.00043526,0.0367
8420,5.273647,5.331877,1770393206.0761483,0.00043481,0.0367
8430,5.410624,5.282102,1770393243.6127684,0.00043435,0.0367
8440,5.316417,5.226388,1770393281.120427,0.00043389,0.0367
8450,5.566499,5.326526,1770393318.6473649,0.00043342,0.0367
8460,4.992958,5.163435,1770393356.1578023,0.00043296,0.0367
8470,5.185303,5.286530,1770393393.7098143,0.00043250,0.0367
8480,5.066430,5.380376,1770393431.217567,0.00043204,0.0367
8490,5.219178,5.235194,1770393468.7533295,0.00043158,0.0367
8500,5.218174,5.265265,1770393519.0862546,0.00043112,0.0367
8500,5.303046,5.061733,1770393526.9040258,0.00043112,0.0336
8510,5.071039,5.073770,1770393564.4503262,0.00043065,0.0339
8520,5.430534,5.280370,1770393601.953396,0.00043019,0.0341
8530,5.230190,5.081861,1770393639.4830842,0.00042973,0.0344
8540,5.234358,5.028623,1770393677.013507,0.00042926,0.0346
8550,5.358400,5.281280,1770393714.554037,0.00042880,0.0348
8560,5.188335,5.170986,1770393752.0670283,0.00042833,0.0350
